,filenames,conventional long form,conventional short form,local long form,local short form,etymology,former,abbreviation
0,meta/categories,,,,,,,
1,middle-east/gz,none,Gaza Strip,none,Qita' Ghazzah,"named for the largest city in the enclave, Gaza, whose settlement can be traced back to at least the 15th century B.C. (as ""Ghazzat"")",,
2,middle-east/qa,State of Qatar,Qatar,Dawlat Qatar,Qatar,"the origin of the name is uncertain, but it dates back at least 2,000 years since a term ""Catharrei"" was used to describe the inhabitants of the peninsula by Pliny the Elder (1st century A.D.), and a ""Catara"" peninsula is depicted on a map by Ptolemy (2nd century A.D.)",,
3,middle-east/iz,Republic of Iraq,Iraq,Jumhuriyat al-Iraq/Komar-i Eraq,Al Iraq/Eraq,"the name probably derives from ""Uruk"" (Biblical ""Erech""), the ancient Sumerian and Babylonian city on the Euphrates River","Mesopotamia, Mandatory Iraq, Hashemite Kingdom of Iraq",
4,middle-east/mu,Sultanate of Oman,Oman,Saltanat Uman,Uman,"the origin of the name is uncertain, but it apparently dates back at least 2,000 years since an ""Omana"" is mentioned by Pliny the Elder (1st century A.D.) and an ""Omanon"" by Ptolemy (2nd century A.D.)",Sultanate of Muscat and Oman,
5,middle-east/jo,Hashemite Kingdom of Jordan,Jordan,Al Mamlakah al Urduniyah al Hashimiyah,Al Urdun,"named for the Jordan River, which makes up part of Jordan's northwest border",Transjordan,
6,middle-east/is,State of Israel,Israel,Medinat Yisra'el,Yisra'el,"named after the ancient Kingdom of Israel; according to Biblical tradition, the Jewish patriarch Jacob received the name ""Israel"" (""He who struggles with God"") after he wrestled an entire night with an angel of the Lord; Jacob's 12 sons became the ancestors of the Israelites, also known as the Twelve Tribes of Israel, who formed the Kingdom of Israel",Mandatory Palestine,
7,middle-east/ku,State of Kuwait,Kuwait,Dawlat al Kuwayt,Al Kuwayt,"the name derives from the capital city, which is from Arabic ""al-Kuwayt"" a diminutive of ""kut"" meaning ""fortress,"" possibly a reference to a small castle built on the current location of Kuwait City by the Beni Khaled tribe in the 17th century",,
8,middle-east/ir,Islamic Republic of Iran,Iran,Jomhuri-ye Eslami-ye Iran,Iran,"name derives from the Avestan term ""aryanam"" meaning ""Land of the Noble [Ones]""",Persia,
9,middle-east/ba,Kingdom of Bahrain,Bahrain,Mamlakat al Bahrayn,Al Bahrayn,"the name means ""the two seas"" in Arabic and refers to the water bodies surrounding the archipelago","Dilmun, Tylos, Awal, Mishmahig, Bahrayn, State of Bahrain",
10,middle-east/sy,Syrian Arab Republic,Syria,Al Jumhuriyah al Arabiyah as Suriyah,Suriyah,"name ultimately derived from the ancient Assyrians who dominated northern Mesopotamia, but whose reach also extended westward to the Levant; over time, the name came to be associated more with the western area",United Arab Republic (with Egypt),
11,middle-east/ym,Republic of Yemen,Yemen,Al Jumhuriyah al Yamaniyah,Al Yaman,"name derivation remains unclear but may come from the Arab term ""yumn"" (happiness) and be related to the region's classical name ""Arabia Felix"" (Fertile or Happy Arabia); the Romans referred to the rest of the peninsula as ""Arabia Deserta"" (Deserted Arabia)",Yemen Arab Republic [Yemen (Sanaa) or North Yemen] and People's Democratic Republic of Yemen [Yemen (Aden) or South Yemen],
12,middle-east/ae,United Arab Emirates,none,Al Imarat al Arabiyah al Muttahidah,none,"self-descriptive country name; the name ""Arabia"" can be traced back many centuries B.C., the ancient Egyptians referred to the region as ""Ar Rabi""; ""emirates"" derives from ""amir"" the Arabic word for ""commander,"" ""lord,"" or ""prince""","Trucial Oman, Trucial States",UAE
13,middle-east/aj,Republic of Azerbaijan,Azerbaijan,Azarbaycan Respublikasi,Azarbaycan,"the name translates as ""Land of Fire"" and refers to naturally occurring surface fires on ancient oil pools or from natural gas discharges",Azerbaijan Soviet Socialist Republic,
14,middle-east/le,Lebanese Republic,Lebanon,Al Jumhuriyah al Lubnaniyah,Lubnan,"derives from the Semitic root ""lbn"" meaning ""white"" and refers to snow-capped Mount Lebanon",Greater Lebanon,
15,middle-east/gg,none,Georgia,none,Sak'art'velo,"the Western name may derive from the Persian designation ""gurgan"" meaning ""Land of the Wolves""; the native name ""Sak'art'velo"" means ""Land of the Kartvelians"" and refers to the core central Georgian region of Kartli",Georgian Soviet Socialist Republic,
16,middle-east/am,Republic of Armenia,Armenia,Hayastani Hanrapetut'yun,Hayastan,"the etymology of the country's name remains obscure; according to tradition, the country is named after Hayk, the legendary patriarch of the Armenians and the great-great-grandson of Noah; Hayk's descendant, Aram, purportedly is the source of the name Armenia","Armenian Soviet Socialist Republic, Armenian Republic",
17,middle-east/sa,Kingdom of Saudi Arabia,Saudi Arabia,Al Mamlakah al Arabiyah as Suudiyah,Al Arabiyah as Suudiyah,"named after the ruling dynasty of the country, the House of Saud; the name ""Arabia"" can be traced back many centuries B.C., the ancient Egyptians referred to the region as ""Ar Rabi""",,
18,middle-east/tu,Republic of Turkey,Turkey,Turkey Cumhuriyeti,Turkey,"the name means ""Land of the Turks""",,
19,middle-east/we,none,West Bank,,,"name refers to the location of the region of the British Mandate of Palestine that was occupied and administered by Jordan in 1948, as it is located on the far side (west bank) of the Jordan River in relation to Jordan proper; the designation was retained following the 1967 Six-Day War and the subsequent changes in administration",,
20,australia-oceania/ne,none,Niue,,,"the origin of the name is obscure; in Niuean, the word supposedly translates as ""behold the coconut""",Savage Island,
21,australia-oceania/fj,Republic of Fiji,Fiji,Republic of Fiji (English)/ Matanitu ko Viti (Fijian),Fiji (English)/ Viti (Fijian),"the Fijians called their home Viti, but the neighboring Tongans called it Fisi, and in the Anglicized spelling of the Tongan pronunciation - promulgated by explorer Captain James COOK - the designation became Fiji",,
22,australia-oceania/tv,none,Tuvalu,none,Tuvalu,"""tuvalu"" means ""group of eight"" or ""eight standing together"" referring to the country's eight traditionally inhabited islands",Ellice Islands,
23,australia-oceania/bp,none,Solomon Islands,none,Solomon Islands,Spanish explorer Alvaro de MENDANA named the isles in 1568 after the wealthy biblical King SOLOMON in the mistaken belief that the islands contained great riches,British Solomon Islands,
24,australia-oceania/nf,Territory of Norfolk Island,Norfolk Island,,,"named by British explorer Captain James COOK after Mary HOWARD, Duchess of Norfolk, in 1774",,
25,australia-oceania/fp,Overseas Lands of French Polynesia,French Polynesia,Pays d'outre-mer de la Polynesie Francaise,Polynesie Francaise,"the term ""Polynesia"" is an 18th-century construct composed of two Greek words, ""poly"" (many) and ""nesoi"" (islands), and refers to the more than 1,000 islands scattered over the central and southern Pacific Ocean","Establishments in Oceania, French Establishments in Oceania",
26,australia-oceania/kr,Republic of Kiribati,Kiribati,Republic of Kiribati,Kiribati,"the name is the local pronunciation of ""Gilberts,"" the former designation of the islands; originally named after explorer Thomas GILBERT, who mapped many of the islands in 1788",Gilbert Islands,
27,australia-oceania/nz,none,New Zealand,,,"Dutch explorer Abel TASMAN was the first European to reach New Zealand in 1642; he named it Staten Landt, but Dutch cartographers renamed it Nova Zeelandia in 1645 after the Dutch province of Zeeland; British explorer Captain James COOK subsequently anglicized the name to New Zealand when he mapped the islands in 1769",,NZ
28,australia-oceania/um,none,"Baker Island, Howland Island, Jarvis Island, Johnston Atoll, Kingman Reef, Midway Islands, Palmyra Atoll",,,self-descriptive name specifying the territories' affiliation and location,,
29,australia-oceania/ck,Territory of Cocos (Keeling) Islands,Cocos (Keeling) Islands,,,"the name refers to the abundant coconut trees on the islands and to English Captain William KEELING, the first European to sight the islands in 1609",,
30,australia-oceania/wq,none,Wake Island,,,"although first discovered by British Captain William WAKE in 1792, the island is named after British Captain Samuel WAKE, who rediscovered the island in 1796",,
31,australia-oceania/tn,Kingdom of Tonga,Tonga,Pule'anga Fakatu'i 'o Tonga,Tonga,"""tonga"" means ""south"" in the Tongan language and refers to the country's geographic position in relation to central Polynesia",Friendly Islands,
32,australia-oceania/kt,Territory of Christmas Island,Christmas Island,,,"named by English Captain William MYNORS for the day of its rediscovery, Christmas Day (25 December 1643); the island had been sighted by Europeans as early as 1615",,
33,australia-oceania/nc,Territory of New Caledonia and Dependencies,New Caledonia,Territoire des Nouvelle-Caledonie et Dependances,Nouvelle-Caledonie,British explorer Captain James COOK discovered and named New Caledonia in 1774; he used the appellation because the northeast of the island reminded him of Scotland (Caledonia is the Latin designation for Scotland),,
34,australia-oceania/pc,"Pitcairn, Henderson, Ducie, and Oeno Islands",Pitcairn Islands,,,named after Midshipman Robert PITCAIRN who first sighted the island in 1767,,
35,australia-oceania/aq,American Samoa,American Samoa,,,"the meaning of Samoa is disputed; some modern explanations are that the ""sa"" connotes&nbsp; ""sacred"" and ""moa"" indicates ""center,"" so the name can mean ""Holy Center""; alternatively, some assertions state that it can mean ""place of the sacred moa bird"" of Polynesian mythology; the name, however, may go back to Proto-Polynesian (PPn) times (before 1000 B.C.); a plausible PPn reconstruction has the first syllable as ""sa'a"" meaning ""tribe or people"" and ""moa"" meaning ""deep sea or ocean"" to convey the meaning ""people of the deep sea""",Eastern Samoa,AS
36,australia-oceania/as,Commonwealth of Australia,Australia,,,"the name Australia derives from the Latin ""australis"" meaning ""southern""; the Australian landmass was long referred to as ""Terra Australis"" or the Southern Land",,
37,australia-oceania/at,Territory of Ashmore and Cartier Islands,Ashmore and Cartier Islands,,,"named after British Captain Samuel ASHMORE, who first sighted his namesake island in 1811, and after the ship Cartier, from which the second island was discovered in 1800",,
38,australia-oceania/cr,Coral Sea Islands Territory,Coral Sea Islands,,,self-descriptive name to reflect the islands' position in the Coral Sea off the northeastern coast of Australia,,
39,australia-oceania/nr,Republic of Nauru,Nauru,Republic of Nauru,Nauru,"the island name may derive from the Nauruan word ""anaoero"" meaning ""I go to the beach""",Pleasant Island,
40,australia-oceania/cw,none,Cook Islands,,,"named after Captain James COOK, the British explorer who visited the islands in 1773 and 1777",Hervey Islands,
41,australia-oceania/ps,Republic of Palau,Palau,Beluu er a Belau,Belau,"from the Palauan name for the islands, Belau, which likely derives from the Palauan word ""beluu"" meaning ""village""","Trust Territory of the Pacific Islands, Palau District",
42,australia-oceania/ws,Independent State of Samoa,Samoa,Malo Sa'oloto Tuto'atasi o Samoa,Samoa,"the meaning of Samoa is disputed; some modern explanations are that the ""sa"" connotes&nbsp; ""sacred"" and ""moa"" indicates ""center,"" so the name can mean ""Holy Center""; alternatively, some assertions state that it can mean ""place of the sacred moa bird"" of Polynesian mythology; the name, however, may go back to Proto-Polynesian (PPn) times (before 1000 B.C.); a plausible PPn reconstruction has the first syllable as ""sa'a"" meaning ""tribe or people"" and ""moa"" meaning ""deep sea or ocean"" to convey the meaning ""people of the deep sea""",Western Samoa,
43,australia-oceania/fm,Federated States of Micronesia,none,Federated States of Micronesia,none,"the term ""Micronesia"" is a 19th-century construct of two Greek words, ""micro"" (small) and ""nesoi"" (islands), and refers to thousands of small islands in the western Pacific Ocean","New Philippines; Caroline Islands; Trust Territory of the Pacific Islands, Ponape, Truk, and Yap Districts",FSM
44,australia-oceania/wf,Territory of the Wallis and Futuna Islands,Wallis and Futuna,Territoire des Iles Wallis et Futuna,Wallis et Futuna,"Wallis Island is named after British Captain Samuel WALLIS, who discovered it in 1767; Futuna is derived from the native word ""futu,"" which is the name of the fish-poison tree found on the island",Hoorn Islands is the former name of the Futuna Islands,
45,australia-oceania/rm,Republic of the Marshall Islands,Marshall Islands,Republic of the Marshall Islands,Marshall Islands,"named after British Captain John MARSHALL, who charted many of the islands in 1788","Trust Territory of the Pacific Islands, Marshall Islands District",RMI
46,australia-oceania/gq,none,Guam,none,Guahan,"the native Chamorro name for the island ""Guahan"" (meaning ""we have"" or ""ours"") was changed to Guam in the 1898 Treaty of Paris, whereby Spain relinquished Guam, Cuba, Puerto Rico, and the Philippines to the US",,GU
47,australia-oceania/nh,Republic of Vanuatu,Vanuatu,Ripablik blong Vanuatu,Vanuatu,"derived from the words ""vanua"" (home or land) and ""tu"" (stand) that occur in several of the Austonesian languages spoken on the islands and which provide a meaning of ""the land remains"" but which also convey a sense of ""independence"" or ""our land""",New Hebrides,
48,australia-oceania/cq,Commonwealth of the Northern Mariana Islands,Northern Mariana Islands,,,"formally claimed and named by Spain in 1667 in honor of the Spanish Queen, MARIANA of Austria","Trust Territory of the Pacific Islands, Mariana Islands District",CNMI
49,australia-oceania/tl,none,Tokelau,,,"""tokelau"" is a Polynesian word meaning ""north wind""","Union Islands, Tokelau Islands",
50,south-asia/af,formerly Islamic Republic of Afghanistan,Afghanistan,formerly Jamhuri-ye Islami-ye Afghanistan,Afghanistan,"the name ""Afghan"" originally referred to the Pashtun people (today it is understood to include all the country's ethnic groups), while the suffix ""-stan"" means ""place of"" or ""country""; so Afghanistan literally means the ""Land of the Afghans""",Islamic Republic of Afghanistan,
51,south-asia/pk,Islamic Republic of Pakistan,Pakistan,Jamhuryat Islami Pakistan,Pakistan,"the word ""pak"" means ""pure"" in Persian or Pashto, while the Persian suffix ""-stan"" means ""place of"" or ""country,"" so the word Pakistan literally means ""Land of the Pure""",West Pakistan,
52,south-asia/bg,People's Republic of Bangladesh,Bangladesh,Gana Prajatantri Bangladesh,Bangladesh,"the name - a compound of the Bengali words ""Bangla"" (Bengal) and ""desh"" (country) - means ""Country of Bengal""","East Bengal, East Pakistan",
53,south-asia/ce,Democratic Socialist Republic of Sri Lanka,Sri Lanka,Shri Lanka Prajatantrika Samajavadi Janarajaya (Sinhala)/ Ilankai Jananayaka Choshalichak Kutiyarachu (Tamil),Shri Lanka (Sinhala)/ Ilankai (Tamil),"the name means ""resplendent island"" in Sanskrit","Serendib, Ceylon",
54,south-asia/in,Republic of India,India,Republic of India (English)/ Bharatiya Ganarajya (Hindi),India (English)/ Bharat (Hindi),"the English name derives from the Indus River; the Indian name ""Bharat"" may derive from the ""Bharatas"" tribe mentioned in the Vedas of the second millennium B.C.; the name is also associated with Emperor Bharata, the legendary conqueror of all of India",,
55,south-asia/np,none,Nepal,none,Nepal,"the Newar people of the Kathmandu Valley and surrounding areas apparently gave their name to the country; the terms ""Nepal,"" ""Newar,"" ""Nepar,"" and ""Newal"" are phonetically different forms of the same word",,
56,south-asia/io,British Indian Ocean Territory,none,,,self-descriptive name specifying the territory's affiliation and location,,BIOT
57,south-asia/bt,Kingdom of Bhutan,Bhutan,Druk Gyalkhap,Druk Yul,"named after the Bhotia, the ethnic Tibetans who migrated from Tibet to Bhutan; ""Bod"" is the Tibetan name for their land; the Bhutanese name ""Druk Yul"" means ""Land of the Thunder Dragon""",,
58,south-asia/mv,Republic of Maldives,Maldives,Dhivehi Raajjeyge Jumhooriyyaa,Dhivehi Raajje,"archipelago apparently named after the main island (and capital) of Male; the word ""Maldives"" means ""the islands (dives) of Male""; alternatively, the name may derive from the Sanskrit word ""maladvipa"" meaning ""garland of islands""; Dhivehi Raajje in Dhivehi means ""Kingdom of the Dhivehi people""",,
59,central-asia/ti,Republic of Tajikistan,Tajikistan,Jumhurii Tojikiston,Tojikiston,"the Persian suffix ""-stan"" means ""place of"" or ""country,"" so the word Tajikistan literally means ""Land of the Tajik [people]""",Tajik Soviet Socialist Republic,
60,central-asia/rs,Russian Federation,Russia,Rossiyskaya Federatsiya,Rossiya,Russian lands were generally referred to as Muscovy until PETER I officially declared the Russian Empire in 1721; the new name sought to invoke the patrimony of the medieval eastern European Rus state centered on Kyiv in present-day Ukraine; the Rus were a Varangian (eastern Viking) elite that imposed their rule and eventually their name on their Slavic subjects,"Russian Empire, Russian Soviet Federative Socialist Republic",
61,central-asia/kg,Kyrgyz Republic,Kyrgyzstan,Kyrgyz Respublikasy,Kyrgyzstan,"a combination of the Turkic words ""kyrg"" (forty) and ""-yz"" (tribes) with the Persian suffix ""-stan"" (country) creating the meaning ""Land of the Forty Tribes""; the name refers to the 40 clans united by the mythic Kyrgyz hero, MANAS",Kirghiz Soviet Socialist Republic,
62,central-asia/uz,Republic of Uzbekistan,Uzbekistan,O'zbekiston Respublikasi,O'zbekiston,"a combination of the Turkic words ""uz"" (self) and ""bek"" (master) with the Persian suffix ""-stan"" (country) to give the meaning ""Land of the Free""",Uzbek Soviet Socialist Republic,
63,central-asia/tx,none,Turkmenistan,none,Turkmenistan,"the suffix ""-stan"" means ""place of"" or ""country,"" so Turkmenistan literally means the ""Land of the Turkmen [people]""",Turkmen Soviet Socialist Republic,
64,central-asia/kz,Republic of Kazakhstan,Kazakhstan,Qazaqstan Respublikasy,Qazaqstan,"the name ""Kazakh"" may derive from the Turkic word ""kaz"" meaning ""to wander,"" recalling the Kazakh's nomadic lifestyle; the Persian suffix ""-stan"" means ""place of"" or ""country,"" so the word Kazakhstan literally means ""Land of the Wanderers""",Kazakh Soviet Socialist Republic,
65,south-america/ve,Bolivarian Republic of Venezuela,Venezuela,Republica Bolivariana de Venezuela,Venezuela,"native stilt-houses built on Lake Maracaibo reminded early explorers Alonso de OJEDA and Amerigo VESPUCCI in 1499 of buildings in Venice and so they named the region ""Venezuola,"" which in Italian means ""Little Venice""","State of Venezuela, Republic of Venezuela, United States of Venezuela",
66,south-america/ns,Republic of Suriname,Suriname,Republiek Suriname,Suriname,"name may derive from the indigenous ""Surinen"" people who inhabited the area at the time of European contact","Netherlands Guiana, Dutch Guiana",
67,south-america/pe,Republic of Peru,Peru,Republica del Peru,Peru,"exact meaning is obscure, but the name may derive from a native word ""biru"" meaning ""river""",,
68,south-america/sx,South Georgia and the South Sandwich Islands,South Georgia and South Sandwich Islands,,,"South Georgia was named ""the Isle of Georgia"" in 1775 by Captain James COOK in honor of British King GEORGE III; the explorer also discovered the Sandwich Islands Group that year, which he named ""Sandwich Land"" after John MONTAGU, the Earl of Sandwich and First Lord of the Admiralty; the word ""South"" was later added to distinguish these islands from the other Sandwich Islands, now known as the Hawaiian Islands",,SGSSI
69,south-america/br,Federative Republic of Brazil,Brazil,Republica Federativa do Brasil,Brasil,the country name derives from the brazilwood tree that used to grow plentifully along the coast of Brazil and that was used to produce a deep red dye,,
70,south-america/ar,Argentine Republic,Argentina,Republica Argentina,Argentina,"originally the area was referred to as Tierra Argentina, i.e., ""Land beside the Silvery River"" or ""silvery land,"" which referred to the massive estuary in the east of the country, the Rio de la Plata (River of Silver); over time the name shortened to simply Argentina or ""silvery""",,
71,south-america/gy,Cooperative Republic of Guyana,Guyana,,,"the name is derived from Guiana, the original name for the region that included British Guiana, Dutch Guiana, and French Guiana; ultimately the word is derived from an indigenous Amerindian language and means ""Land of Many Waters"" (referring to the area's multitude of rivers and streams)",British Guiana,
72,south-america/ec,Republic of Ecuador,Ecuador,Republica del Ecuador,Ecuador,"the country's position on the globe, straddling the Equator, accounts for its Spanish name",,
73,south-america/bl,Plurinational State of Bolivia,Bolivia,Estado Plurinacional de Bolivia,Bolivia,"the country is named after Simon BOLIVAR, a 19th-century leader in the South American wars for independence",,
74,south-america/pa,Republic of Paraguay,Paraguay,Republica del Paraguay,Paraguay,"the precise meaning of the name Paraguay is unclear, but it seems to derive from the river of the same name; one explanation has the name meaning ""water of the Payagua"" (an indigenous tribe that lived along the river)",,
75,south-america/fk,none,Falkland Islands (Islas Malvinas),,,"the archipelago takes its name from the Falkland Sound, the strait separating the two main islands; the channel itself was named after the Viscount of FALKLAND, who sponsored an expedition to the islands in 1690; the Spanish name for the archipelago derives from the French ""Iles Malouines,"" the name applied to the islands by French explorer Louis-Antoine de BOUGAINVILLE in 1764",,
76,south-america/uy,Oriental Republic of Uruguay,Uruguay,Republica Oriental del Uruguay,Uruguay,"name derives from the Spanish pronunciation of the Guarani Indian designation of the Uruguay River, which makes up the western border of the country and whose name later came to be applied to the entire country","Banda Oriental, Cisplatine Province",
77,south-america/co,Republic of Colombia,Colombia,Republica de Colombia,Colombia,the country is named after explorer Christopher COLUMBUS,,
78,south-america/ci,Republic of Chile,Chile,Republica de Chile,Chile,"derivation of the name is unclear, but it may come from the Mapuche word ""chilli"" meaning ""limit of the earth"" or from the Quechua ""chiri"" meaning ""cold""",,
79,africa/li,Republic of Liberia,Liberia,,,"name derives from the Latin word ""liber"" meaning ""free""; so named because the nation was created as a homeland for liberated African-American slaves",,
80,africa/mr,Islamic Republic of Mauritania,Mauritania,Al Jumhuriyah al Islamiyah al Muritaniyah,Muritaniyah,"named for the ancient kingdom of Mauretania (3rd century B.C. to 1st century A.D.) and the subsequent Roman province (1st-7th centuries A.D.), which existed further north in present-day Morocco; the name derives from the Mauri (Moors), the Berber-speaking peoples of northwest Africa",,
81,africa/zi,Republic of Zimbabwe,Zimbabwe,,,"takes its name from the Kingdom of Zimbabwe (13th-15th century) and its capital of Great Zimbabwe, the largest stone structure in pre-colonial southern Africa","Southern Rhodesia, Rhodesia, Zimbabwe-Rhodesia",
82,africa/ts,Republic of Tunisia,Tunisia,Al Jumhuriyah at Tunisiyah,Tunis,the country name derives from the capital city of Tunis,,
83,africa/rw,Republic of Rwanda,Rwanda,Republika y'u Rwanda,Rwanda,"the name translates as ""domain"" in the native Kinyarwanda language","Ruanda, German East Africa",
84,africa/ct,Central African Republic,none,Republique Centrafricaine,none,"self-descriptive name specifying the country's location on the continent; ""Africa"" is derived from the Roman designation of the area corresponding to present-day Tunisia ""Africa terra,"" which meant ""Land of the Afri"" (the tribe resident in that area), but which eventually came to mean the entire continent","Ubangi-Shari, Central African Empire",CAR
85,africa/uv,none,Burkina Faso,none,Burkina Faso,"name translates as ""Land of the Honest (Incorruptible) Men""","Upper Volta, Republic of Upper Volta",
86,africa/iv,Republic of Cote d'Ivoire,Cote d'Ivoire,Republique de Cote d'Ivoire,Cote d'Ivoire,name reflects the intense ivory trade that took place in the region from the 15th to 17th centuries,Ivory Coast,
87,africa/su,Republic of the Sudan,Sudan,Jumhuriyat as-Sudan,As-Sudan,"the name ""Sudan"" derives from the Arabic ""bilad-as-sudan"" meaning ""Land of the Black [peoples]""","Anglo-Egyptian Sudan, Democratic Republic of the Sudan",
88,africa/gv,Republic of Guinea,Guinea,Republique de Guinee,Guinee,the country is named after the Guinea region of West Africa that lies along the Gulf of Guinea and stretches north to the Sahel,French Guinea,
89,africa/gb,Gabonese Republic,Gabon,Republique Gabonaise,Gabon,"name originates from the Portuguese word ""gabao"" meaning ""cloak,"" which is roughly the shape that the early explorers gave to the estuary of the Komo River by the capital of Libreville",,
90,africa/od,Republic of South Sudan,South Sudan,,,"self-descriptive name from the country's former position within Sudan prior to independence; the name ""Sudan"" derives from the Arabic ""bilad-as-sudan"" meaning ""Land of the Black [peoples]""",,
91,africa/ke,Republic of Kenya,Kenya,Republic of Kenya (English)/ Jamhuri ya Kenya (Swahili),Kenya,"named for Mount Kenya; the meaning of the name is unclear but may derive from the Kikuyu, Embu, and Kamba words ""kirinyaga,"" ""kirenyaa,"" and ""kiinyaa"" - all of which mean ""God's resting place""",British East Africa,
92,africa/cd,Republic of Chad,Chad,Republique du Tchad/Jumhuriyat Tshad,Tchad/Tshad,"named for Lake Chad, which lies along the country's western border; the word ""tsade"" means ""large body of water"" or ""lake"" in several local native languages",,
93,africa/eg,Arab Republic of Egypt,Egypt,Jumhuriyat Misr al-Arabiyah,Misr,"the English name ""Egypt"" derives from the ancient Greek name for the country ""Aigyptos""; the Arabic name ""Misr"" can be traced to the ancient Akkadian ""misru"" meaning border or frontier",United Arab Republic (with Syria),
94,africa/sf,Republic of South Africa,South Africa,,,"self-descriptive name from the country's location on the continent; ""Africa"" is derived from the Roman designation of the area corresponding to present-day Tunisia ""Africa terra,"" which meant ""Land of the Afri"" (the tribe resident in that area), but which eventually came to mean the entire continent",Union of South Africa,RSA
95,africa/cv,Republic of Cabo Verde,Cabo Verde,Republica de Cabo Verde,Cabo Verde,"the name derives from Cap-Vert (Green Cape) on the Senegalese coast, the westernmost point of Africa and the nearest mainland to the islands",,
96,africa/ga,Republic of The Gambia,The Gambia,,,named for the Gambia River that flows through the heart of the country,,
97,africa/ma,Republic of Madagascar,Madagascar,Republique de Madagascar/Repoblikan'i Madagasikara,Madagascar/Madagasikara,"the name ""Madageiscar"" was first used by the 13th-century Venetian explorer Marco POLO, as a corrupted transliteration of Mogadishu, the Somali port with which POLO confused the island",Malagasy Republic,
98,africa/to,Togolese Republic,Togo,Republique Togolaise,none,"derived from the Ewe words ""to"" (river) and ""godo"" (on the other side) to give the sense of ""on the other side of the river""; originally, this designation applied to the town of Togodo (now Togoville) on the northern shore of Lake Togo, but the name was eventually extended to the entire nation",French Togoland,
99,africa/bn,Republic of Benin,Benin,Republique du Benin,Benin,"named for the Bight of Benin, the body of water on which the country lies","Dahomey, People's Republic of Benin",
100,africa/mp,Republic of Mauritius,Mauritius,Republic of Mauritius,Mauritius,"island named after Prince Maurice VAN NASSAU, stadtholder of the Dutch Republic, in 1598",,
101,africa/ml,Republic of Mali,Mali,Republique de Mali,Mali,name derives from the West African Mali Empire of the 13th to 16th centuries A.D.,"French Sudan, Sudanese Republic, Mali Federation",
102,africa/mo,Kingdom of Morocco,Morocco,Al Mamlakah al Maghribiyah,Al Maghrib,"the English name ""Morocco"" derives from, respectively, the Spanish and Portuguese names ""Marruecos"" and ""Marrocos,"" which stem from ""Marrakesh"" the Latin name for the former capital of ancient Morocco; the Arabic name ""Al Maghrib"" translates as ""The West""","French Protectorate in Morocco, Spanish Protectorate in Morocco, Ifni, Spanish Sahara, Western Sahara",
103,africa/se,Republic of Seychelles,Seychelles,Republic of Seychelles,Seychelles,"named by French Captain Corneille Nicholas MORPHEY after Jean Moreau de SECHELLES, the finance minister of France, in 1756",,
104,africa/za,Republic of Zambia,Zambia,,,"name derived from the Zambezi River, which flows through the western part of the country and forms its southern border with neighboring Zimbabwe",Northern Rhodesia,
105,africa/wa,Republic of Namibia,Namibia,Republic of Namibia,Namibia,"named for the coastal Namib Desert; the name ""namib"" means ""vast place"" in the Nama/Damara language","German South-West Africa (Deutsch-Suedwestafrika), South-West Africa",
106,africa/ug,Republic of Uganda,Uganda,,,"from the name ""Buganda,"" adopted by the British as the designation for their East African colony in 1894; Buganda had been a powerful East African state during the 18th and 19th centuries",,
107,africa/cn,Union of the Comoros,Comoros,Udzima wa Komori (Comorian)/ Union des Comores (French)/ Al Ittihad al Qumuri (Arabic),Komori (Comorian)/ Les Comores (French)/ Juzur al Qamar (Arabic),"name derives from the Arabic designation ""Juzur al Qamar"" meaning ""Islands of the Moon""","Comorian State, Federal Islamic Republic of the Comoros",
108,africa/ao,Republic of Angola,Angola,Republica de Angola,Angola,"name derived by the Portuguese from the title ""ngola"" held by kings of the Ndongo (Ndongo was a kingdom in what is now northern Angola)",People's Republic of Angola,
109,africa/cf,Republic of the Congo,Congo (Brazzaville),Republique du Congo,Congo,"named for the Congo River, which makes up much of the country's eastern border; the river name derives from Kongo, a Bantu kingdom that occupied its mouth at the time of Portuguese discovery in the late 15th century and whose name stems from its people the Bakongo, meaning ""hunters""","French Congo, Middle Congo, People's Republic of the Congo, Congo/Brazzaville",
110,africa/ng,Republic of Niger,Niger,Republique du Niger,Niger,"named for the Niger River that passes through the southwest of the country; from a native term ""Ni Gir"" meaning ""River Gir""",,
111,africa/mi,Republic of Malawi,Malawi,Dziko la Malawi,Malawi,"named for the East African Maravi Kingdom of the 16th century; the word ""maravi"" means ""fire flames""","British Central African Protectorate, Nyasaland Protectorate, Nyasaland",
112,africa/sg,Republic of Senegal,Senegal,Republique du Senegal,Senegal,"named for the Senegal River that forms the northern border of the country; many theories exist for the origin of the river name; perhaps the most widely cited derives the name from ""Azenegue,"" the Portuguese appellation for the Berber Zenaga people who lived north of the river","Senegambia (along with The Gambia), Mali Federation",
113,africa/wz,Kingdom of Eswatini,Eswatini,Umbuso weSwatini,eSwatini,"the country name derives from 19th century King MSWATI II, under whose rule Swati territory was expanded and unified",Swaziland,
114,africa/ly,State of Libya,Libya,Dawiat Libiya,Libiya,"name derives from the Libu, an ancient Libyan tribe first mentioned in texts from the 13th century B.C.",,
115,africa/sh,"Saint Helena, Ascension, and Tristan da Cunha",none,,,"Saint Helena was discovered in 1502 by Galician navigator Joao da NOVA, sailing in the service of the Kingdom of Portugal, who named it ""Santa Helena""; Ascension was named in 1503 by Portuguese navigator Afonso de ALBUQUERQUE who sighted the island on the Feast Day of the Ascension; Tristan da Cunha was discovered in 1506 by Portuguese explorer Tristao da CUNHA who christened the main island after himself (the name was subsequently anglicized)",,
116,africa/bc,Republic of Botswana,Botswana,Republic of Botswana,Botswana,"the name Botswana means ""Land of the Tswana"" - referring to the country's major ethnic group",Bechuanaland,
117,africa/dj,Republic of Djibouti,Djibouti,Republique de Djibouti (French)/ Jumhuriyat Jibuti (Arabic),Djibouti (French)/ Jibuti (Arabic),the country name derives from the capital city of Djibouti,"French Somaliland, French Territory of the Afars and Issas",
118,africa/pu,Republic of Guinea-Bissau,Guinea-Bissau,Republica da Guine-Bissau,Guine-Bissau,"the country is named after the Guinea region of West Africa that lies along the Gulf of Guinea and stretches north to the Sahel; ""Bissau,"" the name of the capital city, distinguishes the country from neighboring Guinea",Portuguese Guinea,
119,africa/tp,Democratic Republic of Sao Tome and Principe,Sao Tome and Principe,Republica Democratica de Sao Tome e Principe,Sao Tome e Principe,"Sao Tome was named after Saint THOMAS the Apostle by the Portuguese who discovered the island on 21 December 1470 (or 1471), the saint's feast day; Principe is a shortening of the original Portuguese name of ""Ilha do Principe"" (Isle of the Prince) referring to the Prince of Portugal to whom duties on the island's sugar crop were paid",,
120,africa/mz,Republic of Mozambique,Mozambique,Republica de Mocambique,Mocambique,"named for the offshore island of Mozambique; the island was apparently named after Mussa al-BIK, an influential Arab slave trader who set himself up as sultan on the island in the 15th century","Portuguese East Africa, People's Republic of Mozambique",
121,africa/cm,Republic of Cameroon,Cameroon,Republique du Cameroun (French)/Republic of Cameroon (English),Cameroun/Cameroon,"in the 15th century, Portuguese explorers named the area near the mouth of the Wouri River the Rio dos Camaroes (River of Prawns) after the abundant shrimp in the water; over time the designation became Cameroon in English; this is the only instance where a country is named after a crustacean","Kamerun, French Cameroon, British Cameroon, Federal Republic of Cameroon, United Republic of Cameroon",
122,africa/er,State of Eritrea,Eritrea,Hagere Ertra,Ertra,"the country name derives from the ancient Greek appellation ""Erythra Thalassa"" meaning Red Sea, which is the major water body bordering the country",Eritrea Autonomous Region in Ethiopia,
123,africa/ag,People's Democratic Republic of Algeria,Algeria,Al Jumhuriyah al Jaza'iriyah ad Dimuqratiyah ash Sha'biyah,Al Jaza'ir,the country name derives from the capital city of Algiers,,
124,africa/gh,Republic of Ghana,Ghana,,,named for the medieval West African kingdom of the same name but whose location was actually further north than the modern country,Gold Coast,
125,africa/lt,Kingdom of Lesotho,Lesotho,Kingdom of Lesotho,Lesotho,"the name translates as ""Land of the Sesotho Speakers""",Basutoland,
126,africa/cg,Democratic Republic of the Congo,DRC,Republique Democratique du Congo,RDC,"named for the Congo River, most of which lies within the DRC; the river name derives from Kongo, a Bantu kingdom that occupied its mouth at the time of Portuguese discovery in the late 15th century and whose name stems from its people the Bakongo, meaning ""hunters""","Congo Free State, Belgian Congo, Congo/Leopoldville, Congo/Kinshasa, Zaire",DRC (or DROC)
127,africa/ni,Federal Republic of Nigeria,Nigeria,,,"named for the Niger River that flows through the west of the country to the Atlantic Ocean; from a native term ""Ni Gir"" meaning ""River Gir""",,
128,africa/et,Federal Democratic Republic of Ethiopia,Ethiopia,Ityop'iya Federalawi Demokrasiyawi Ripeblik,Ityop'iya,"the country name derives from the Greek word ""Aethiopia,"" which in classical times referred to lands south of Egypt in the Upper Nile region","Abyssinia, Italian East Africa",FDRE
129,africa/tz,United Republic of Tanzania,Tanzania,Jamhuri ya Muungano wa Tanzania,Tanzania,"the country's name is a combination of the first letters of Tanganyika and Zanzibar, the two states that merged to form Tanzania in 1964","German East Africa, Trust Territory of Tanganyika, Republic of Tanganyika, People's Republic of Zanzibar, United Republic of Tanganyika and Zanzibar",
130,africa/ek,Republic of Equatorial Guinea,Equatorial Guinea,Republica de Guinea Ecuatorial (Spanish)/ Republique de Guinee Equatoriale (French),Guinea Ecuatorial (Spanish)/ Guinee Equatoriale (French),"the country is named for the Guinea region of West Africa that lies along the Gulf of Guinea and stretches north to the Sahel; the ""equatorial"" refers to the fact that the country lies just north of the Equator",Spanish Guinea,
131,africa/sl,Republic of Sierra Leone,Sierra Leone,Republic of Sierra Leone,Sierra Leone,"the Portuguese explorer Pedro de SINTRA named the country ""Serra Leoa"" (Lion Mountains) for the impressive mountains he saw while sailing the West African coast in 1462",,
132,africa/so,Federal Republic of Somalia,Somalia,Jamhuuriyadda Federaalka Soomaaliya (Somali)/ Jumhuriyat as Sumal al Fidiraliyah (Arabic),Soomaaliya (Somali)/ As Sumal (Arabic),"""Land of the Somali"" (ethnic group)","British Somaliland, Italian Somaliland, Somali Republic, Somali Democratic Republic",
133,africa/by,Republic of Burundi,Burundi,Republique du Burundi (French)/ Republika y'u Burundi (Kirundi),Burundi,name derived from the pre-colonial Kingdom of Burundi (17th-19th century),"Urundi, German East Africa, Ruanda-Urundi, Kingdom of Burundi",
134,africa/wi,none,Western Sahara,,,self-descriptive name specifying the territory's western location on the African continent's vast desert,"Rio de Oro, Saguia el Hamra, Spanish Sahara",
135,north-america/mx,United Mexican States,Mexico,Estados Unidos Mexicanos,Mexico,"named after the capital city, whose name stems from the Mexica, the largest and most powerful branch of the Aztecs; the meaning of the name is uncertain","Mexican Republic, Mexican Empire",
136,north-america/ip,none,Clipperton Island,none,Ile Clipperton,named after an 18th-century English pirate who supposedly used the island as a base,sometimes referred to as Ile de la Passion or Atoll Clipperton,
137,north-america/bd,none,Bermuda,,,"the islands making up Bermuda are named after Juan de BERMUDEZ, an early 16th century Spanish sea captain and the first European explorer of the archipelago",Somers Islands,
138,north-america/us,United States of America,United States,,,"the name America is derived from that of Amerigo VESPUCCI (1454-1512) - Italian explorer, navigator, and cartographer - using the Latin form of his name, Americus, feminized to America",,US or USA
139,north-america/sb,Territorial Collectivity of Saint Pierre and Miquelon,Saint Pierre and Miquelon,Departement de Saint-Pierre et Miquelon,Saint-Pierre et Miquelon,"Saint-Pierre is named after Saint PETER, the patron saint of fishermen; Miquelon may be a corruption of the Basque name Mikelon",,
140,north-america/gl,none,Greenland,none,Kalaallit Nunaat,named by Norwegian adventurer Erik THORVALDSSON (Erik the Red) in A.D. 985 in order to entice settlers to the island,,
141,north-america/ca,none,Canada,,,"the country name likely derives from the St. Lawrence Iroquoian word ""kanata"" meaning village or settlement",,
142,oceans/xo,,,,,"named for the country of India, which makes up much of its northern border",,
143,oceans/oo,,,,,"the International Hydrographic Organization (IHO) included the ocean and its definition as the waters south of 60 degrees south in its year 2000 revision, but this has not formally been adopted; the 2000 IHO definition, however, was circulated in a draft edition in 2002 and has acquired de facto usage by many nations and organizations, including the CIA",,
144,oceans/zh,,,,,"name derives from the Greek description of the waters beyond the Strait of Gibraltar, Atlantis thalassa, meaning ""Sea of Atlas""",,
145,oceans/xq,,,,,"the name Arctic comes from the Greek word ""arktikos"" meaning ""near the bear"" or ""northern,"" and that word derives from ""arktos,"" meaning ""bear""; the name refers either to the constellation Ursa Major, the ""Great Bear,"" which is prominent in the northern celestial sphere, or to the constellation Ursa Minor, the ""Little Bear,"" which contains Polaris, the North (Pole) Star",,
146,oceans/zn,,,,,"named by Portuguese explorer Ferdinand MAGELLAN during the Spanish circumnavigation of the world in 1521; encountering favorable winds upon reaching the ocean, he called it ""Mar Pacifico,"" which means ""peaceful sea"" in both Portuguese and Spanish",,
147,europe/bo,Republic of Belarus,Belarus,Respublika Byelarus' (Belarusian)/ Respublika Belarus' (Russian),Byelarus' (Belarusian)/ Belarus' (Russian),"the name is a compound of the Belarusian words ""bel"" (white) and ""Rus"" (the Old East Slavic ethnic designation) to form the meaning White Rusian or White Ruthenian",Belorussian (Byelorussian) Soviet Socialist Republic,
148,europe/sp,Kingdom of Spain,Spain,Reino de Espana,Espana,"derivation of the name ""Espana"" is uncertain, but may come from the Phoenician term ""span,"" related to the word ""spy,"" meaning ""to forge metals,"" so, ""i-spn-ya"" would mean ""place where metals are forged""; the ancient Phoenicians long exploited the Iberian Peninsula for its mineral wealth",,
149,europe/ax,none,Akrotiri,,,named for the village that lies within the Western Sovereign Base Area on Cyprus,,
150,europe/sz,Swiss Confederation,Switzerland,Schweizerische Eidgenossenschaft (German)/ Confederation Suisse (French)/ Confederazione Svizzera (Italian)/ Confederaziun Svizra (Romansh),Schweiz (German)/ Suisse (French)/ Svizzera (Italian)/ Svizra (Romansh),"name derives from the canton of Schwyz, one of the founding cantons of the Old Swiss Confederacy that formed in the 14th century",,CH
151,europe/it,Italian Republic,Italy,Repubblica Italiana,Italia,"derivation is unclear, but the Latin ""Italia"" may come from the Oscan ""Viteliu"" meaning ""[Land] of Young Cattle"" (the bull was a symbol of southern Italic tribes)",Kingdom of Italy,
152,europe/da,Kingdom of Denmark,Denmark,Kongeriget Danmark,Danmark,"the name derives from the words ""Dane(s)"" and ""mark""; the latter referring to a march (borderland) or forest",,
153,europe/ro,none,Romania,none,Romania,"the name derives from the Latin ""Romanus"" meaning ""citizen of Rome"" and was used to stress the common ancient heritage of Romania's three main regions - Moldavia, Transylvania, and Wallachia - during their gradual unification between the mid-19th century and early 20th century","Kingdom of Romania, Romanian People's Republic, Socialist Republic of Romania",
154,europe/ls,Principality of Liechtenstein,Liechtenstein,Fuerstentum Liechtenstein,Liechtenstein,"named after the Liechtenstein dynasty that purchased and united the counties of Schellenburg and Vaduz and that was allowed by the Holy Roman Emperor in 1719 to rename the new property after their family; the name in German means ""light (bright) stone""",,
155,europe/si,Republic of Slovenia,Slovenia,Republika Slovenija,Slovenija,"the country's name means ""Land of the Slavs"" in Slovene","People's Republic of Slovenia, Socialist Republic of Slovenia",
156,europe/ee,,,,,,,
157,europe/no,Kingdom of Norway,Norway,Kongeriket Norge,Norge,"derives from the Old Norse words ""nordr"" and ""vegr"" meaning ""northern way"" and refers to the long coastline of western Norway",,
158,europe/bu,Republic of Bulgaria,Bulgaria,Republika Bulgaria,Bulgaria,named after the Bulgar tribes who settled the lower Balkan region in the 7th century A.D.,"Kingdom of Bulgaria, People's Republic of Bulgaria",
159,europe/ic,none,Iceland,none,Island,"Floki VILGERDARSON, an early Norse explorer of the island (9th century), applied the name ""Land of Ice"" after spotting a fjord full of drift ice to the north and spending a bitter winter on the island; he eventually settled on the island, however, after he saw how it greened up in the summer and that it was, in fact, habitable",,
160,europe/uk,"United Kingdom of Great Britain and Northern Ireland; note - the island of Great Britain includes England, Scotland, and Wales",United Kingdom,,,"self-descriptive country name; the designation ""Great Britain,"" in the sense of ""Larger Britain,"" dates back to medieval times and was used to distinguish the island from ""Little Britain,"" or Brittany in modern France; the name Ireland derives from the Gaelic ""Eriu,"" the matron goddess of Ireland (goddess of the land)",,UK
161,europe/sw,Kingdom of Sweden,Sweden,Konungariket Sverige,Sverige,"name ultimately derives from the North Germanic Svear tribe, which inhabited central Sweden and is first mentioned in the first centuries A.D.",,
162,europe/lu,Grand Duchy of Luxembourg,Luxembourg,Grand Duche de Luxembourg,Luxembourg,"the name derives from the Celtic ""lucilem"" (little) and the German ""burg"" (castle or fortress) to produce the meaning of the ""little castle""; the name is actually ironic, since for centuries the Fortress of Luxembourg was one of Europe's most formidable fortifications; the name passed to the surrounding city and then to the country itself",,
163,europe/cy,Republic of Cyprus,Cyprus,Kypriaki Dimokratia (Greek)/ Kibris Cumhuriyeti (Turkish),Kypros (Greek)/ Kibris (Turkish),"the derivation of the name ""Cyprus"" is unknown, but the extensive mining of copper metal on the island in antiquity gave rise to the Latin word ""cuprum"" for copper",,
164,europe/gi,none,Gibraltar,,,"from the Spanish derivation of the Arabic ""Jabal Tariq,"" which means ""Mountain of Tariq"" and which refers to the Rock of Gibraltar",,
165,europe/nl,Kingdom of the Netherlands,Netherlands,Koninkrijk der Nederlanden,Nederland,"the country name literally means ""the lowlands"" and refers to the geographic features of the land being both flat and down river from higher areas (i.e., at the estuaries of the Scheldt, Meuse, and Rhine Rivers; only about half of the Netherlands is more than 1 meter above sea level)",,NL
166,europe/mn,Principality of Monaco,Monaco,Principaute de Monaco,Monaco,"founded as a Greek colony in the 6th century B.C., the name derives from two Greek words ""monos"" (single, alone) and ""oikos"" (house) to convey the sense of a people ""living apart"" or in a ""single habitation""",,
167,europe/mt,Republic of Malta,Malta,Repubblika ta' Malta,Malta,"the ancient Greeks called the island ""Melite"" meaning ""honey-sweet"" from the Greek word ""meli"" meaning ""honey"" and referring to the island's honey production",,
168,europe/fr,French Republic,France,Republique francaise,France,"name derives from the Latin ""Francia"" meaning ""Land of the Franks""; the Franks were a group of Germanic tribes located along the middle and lower Rhine River in the 3rd century A.D. who merged with Gallic-Roman populations in succeeding centuries and to whom they passed on their name",,
169,europe/lo,Slovak Republic,Slovakia,Slovenska republika,Slovensko,"may derive from the medieval Latin word ""Slavus"" (Slav), which had the local form ""Sloven"", used since the 13th century to refer to the territory of Slovakia and its inhabitants",,
170,europe/hu,none,Hungary,none,Magyarorszag,"the Byzantine Greeks refered to the tribes that arrived on the steppes of Eastern Europe in the 9th century as the ""Oungroi,"" a name that was later Latinized to ""Ungri"" and which became ""Hungari""; the name originally meant an ""[alliance of] ten tribes""; the Hungarian name ""Magyarorszag"" means ""Country of the Magyars""; the term may derive from the most prominent of the Hungarian tribes, the Megyer","Kingdom of Hungary, Hungarian People's Republic, Hungarian Soviet Republic, Hungarian Republic",
171,europe/je,Bailiwick of Jersey,Jersey,,,"the name is of Old Norse origin, but the meaning of the root ""Jer(s)"" is uncertain; the ""-ey"" ending means ""island""",Norman Isles,
172,europe/sv,none,"Svalbard (sometimes referred to as Spitsbergen, the largest island in the archipelago)",,,"12th century Norse accounts speak of the discovery of a ""Svalbard"" - literally ""cold shores"" - but they may have referred to Jan Mayen Island or eastern Greenland; the archipelago was traditionally known as Spitsbergen, but Norway renamed it Svalbard in the 1920s when it assumed sovereignty of the islands",,
173,europe/lh,Republic of Lithuania,Lithuania,Lietuvos Respublika,Lietuva,"meaning of the name ""Lietuva"" remains unclear and is debated by scholars; it may derive from the Lietava, a stream in east central Lithuania",Lithuanian Soviet Socialist Republic (while occupied by the USSR),
174,europe/gk,Bailiwick of Guernsey,Guernsey,,,"the name is of Old Norse origin, but the meaning of the root ""Guern(s)"" is uncertain; the ""-ey"" ending means ""island""",Norman Isles,
175,europe/md,Republic of Moldova,Moldova,Republica Moldova,Moldova,named for the Moldova River in neighboring eastern Romania,"Moldavian Soviet Socialist Republic, Moldovan Soviet Socialist Republic",
176,europe/vt,The Holy See (Vatican City State),Holy See (Vatican City),La Santa Sede (Stato della Citta del Vaticano),Santa Sede (Citta del Vaticano),"""holy"" comes from the Greek word ""hera"" meaning ""sacred""; ""see"" comes from the Latin word ""sedes"" meaning ""seat,"" and refers to the episcopal chair; the term ""Vatican"" derives from the hill Mons Vaticanus on which the Vatican is located and which comes from the Latin ""vaticinari"" (to prophesy), referring to the fortune tellers and soothsayers who frequented the area in Roman times",,
177,europe/gr,Hellenic Republic,Greece,Elliniki Dimokratia,Ellas or Ellada,"the English name derives from the Roman (Latin) designation ""Graecia,"" meaning ""Land of the Greeks""; the Greeks call their country ""Hellas"" or ""Ellada""","Hellenic State, Kingdom of Greece",
178,europe/jn,none,Jan Mayen,,,"named after Dutch Captain Jan Jacobszoon MAY, one of the first explorers to reach the island in 1614",,
179,europe/pl,Republic of Poland,Poland,Rzeczpospolita Polska,Polska,"name derives from the Polanians, a west Slavic tribe that united several surrounding Slavic groups (9th-10th centuries A.D.) and who passed on their name to the country; the name of the tribe likely comes from the Slavic ""pole"" (field or plain), indicating the flat nature of their country",Polish People's Republic,
180,europe/hr,Republic of Croatia,Croatia,Republika Hrvatska,Hrvatska,"name derives from the Croats, a Slavic tribe who migrated to the Balkans in the 7th century A.D.","People's Republic of Croatia, Socialist Republic of Croatia",
181,europe/en,Republic of Estonia,Estonia,Eesti Vabariik,Eesti,"the country name may derive from the Aesti, an ancient people who lived along the eastern Baltic Sea in the first centuries A.D.",Estonian Soviet Socialist Republic (while occupied by the USSR),
182,europe/sm,Republic of San Marino,San Marino,Repubblica di San Marino,San Marino,"named after Saint MARINUS, who in A.D. 301 founded the monastic settlement around which the city and later the state of San Marino coalesced",,
183,europe/mk,Republic of North Macedonia,North Macedonia,Republika Severna Makedonija,Severna Makedonija,the country name derives from the ancient kingdom of Macedon (7th to 2nd centuries B.C.),"Democratic Federal Macedonia, People's Republic of Macedonia, Socialist Republic of Macedonia, Republic of Macedonia",
184,europe/au,Republic of Austria,Austria,Republik Oesterreich,Oesterreich,"the name Oesterreich means ""eastern realm"" or ""eastern march"" and dates to the 10th century; the designation refers to the fact that Austria was the easternmost extension of Bavaria, and, in fact, of all the Germans; the word Austria is a Latinization of the German name",,
185,europe/kv,Republic of Kosovo,Kosovo,Republika e Kosoves (Albanian)/ Republika Kosovo (Serbian),Kosove (Albanian)/ Kosovo (Serbian),"name derives from the Serbian ""kos"" meaning ""blackbird,"" an ellipsis (linguistic omission) for ""kosove polje"" or ""field of the blackbirds""",,
186,europe/po,Portuguese Republic,Portugal,Republica Portuguesa,Portugal,"name derives from the Roman designation ""Portus Cale"" meaning ""Port of Cale""; Cale was an ancient Celtic town and port in present-day northern Portugal",,
187,europe/an,Principality of Andorra,Andorra,Principat d'Andorra,Andorra,"the origin of the country's name is obscure; the name may derive from the Arabic ""ad-darra"" meaning ""the forest,"" a reference to its location as part of the Spanish March (defensive buffer zone) against the invading Moors in the 8th century; an alternate explanation is that the name originates from a Navarrese word ""andurrial"" meaning ""shrub-covered land""",,
188,europe/dx,none,Dhekelia,,,,,
189,europe/gm,Federal Republic of Germany,Germany,Bundesrepublik Deutschland,Deutschland,"the Gauls (Celts) of Western Europe may have referred to the newly arriving Germanic tribes who settled in neighboring areas east of the Rhine during the first centuries B.C. as ""Germani,"" a term the Romans adopted as ""Germania""; the native designation ""Deutsch"" comes from the Old High German ""diutisc"" meaning ""of the people""",German Reich,
190,europe/lg,Republic of Latvia,Latvia,Latvijas Republika,Latvija,"the name ""Latvia"" originates from the ancient Latgalians, one of four eastern Baltic tribes that formed the ethnic core of the Latvian people (ca. 8th-12th centuries A.D.)",Latvian Soviet Socialist Republic (while occupied by the USSR),
191,europe/ri,Republic of Serbia,Serbia,Republika Srbija,Srbija,"the origin of the name is uncertain, but seems to be related to the name of the West Slavic Sorbs who reside in the Lusatian region in present-day eastern Germany; by tradition, the Serbs migrated from that region to the Balkans in about the 6th century A.D.","People's Republic of Serbia, Socialist Republic of Serbia",
192,europe/ez,Czech Republic,Czechia,Ceska republika,Cesko,"name derives from the Czechs, a West Slavic tribe who rose to prominence in the late 9th century A.D.; the country officially adopted the English short-form name of Czechia on 1 July 2016",,
193,europe/mj,none,Montenegro,none,Crna Gora,"the country's name locally as well as in most Western European languages means ""black mountain"" and refers to the dark coniferous forests on Mount Lovcen and the surrounding area","People's Republic of Montenegro, Socialist Republic of Montenegro, Republic of Montenegro",
194,europe/up,none,Ukraine,none,Ukraina,"name derives from the Old East Slavic word ""ukraina"" meaning ""borderland or march (militarized border region)"" and began to be used extensively in the 19th century; originally Ukrainians referred to themselves as Rusyny (Rusyns, Ruthenians, or Ruthenes), an endonym derived from the medieval Rus state (Kyivan Rus)","Ukrainian National Republic, Ukrainian State, Ukrainian Soviet Socialist Republic",
195,europe/be,Kingdom of Belgium,Belgium,Royaume de Belgique (French)/Koninkrijk Belgie (Dutch)/Koenigreich Belgien (German),Belgique/Belgie/Belgien,"the name derives from the Belgae, an ancient Celtic tribal confederation that inhabited an area between the English Channel and the west bank of the Rhine in the first centuries B.C.",,
196,europe/fo,none,Faroe Islands,none,Foroyar,"the archipelago's name may derive from the Old Norse word ""faer,"" meaning sheep",,
197,europe/fi,Republic of Finland,Finland,Suomen tasavalta (Finnish)/ Republiken Finland (Swedish),Suomi (Finnish)/ Finland (Swedish),name may derive from the ancient Fenni peoples who are first described as living in northeastern Europe in the first centuries A.D.,,
198,europe/im,none,Isle of Man,,,"the name ""man"" may be derived from the Celtic word for ""mountain""",,I.O.M.
199,europe/bk,none,Bosnia and Herzegovina,none,Bosna i Hercegovina,"the larger northern territory is named for the Bosna River; the smaller southern section takes its name from the German word ""herzog,"" meaning ""duke,"" and the ending ""-ovina,"" meaning ""land,"" forming the combination denoting ""dukedom""","People's Republic of Bosnia and Herzegovina, Socialist Republic of Bosnia and Herzegovina",BiH
200,europe/al,Republic of Albania,Albania,Republika e Shqiperise,Shqiperia,"the English-language country name seems to be derived from the ancient Illyrian tribe of the Albani; the native name ""Shqiperia"" is derived from the Albanian word ""Shqiponje"" (""Eagle"") and is popularly interpreted to mean ""Land of the Eagles""",People's Socialist Republic of Albania,
201,europe/ei,none,Ireland,none,Eire,"the modern Irish name ""Eire"" evolved from the Gaelic ""Eriu,"" the name of the matron goddess of Ireland (goddess of the land); the names ""Ireland"" in English and ""Eire"" in Irish are direct translations of each other",,
202,east-n-southeast-asia/bx,Brunei Darussalam,Brunei,Negara Brunei Darussalam,Brunei,"derivation of the name is unclear; according to legend, MUHAMMAD SHAH, who would become the first sultan of Brunei, upon discovering what would become Brunei exclaimed ""Baru nah,"" which roughly translates as ""there"" or ""that's it""",,
203,east-n-southeast-asia/th,Kingdom of Thailand,Thailand,Ratcha Anachak Thai,Prathet Thai,"Land of the Tai [People]""; the meaning of ""tai"" is uncertain, but may originally have meant ""human beings,"" ""people,"" or ""free people",Siam,
204,east-n-southeast-asia/mg,none,Mongolia,none,Mongol Uls,"the name means ""Land of the Mongols"" in Latin; the Mongolian name Mongol Uls translates as ""Mongol State""","Outer Mongolia, Mongolian People's Republic",
205,east-n-southeast-asia/pf,none,Paracel Islands,,,"Portuguese navigators began to refer to the ""Ilhas do Pracel"" in the 16th century as a designation of low lying islets, sandbanks, and reefs scattered over a wide area; over time the name changed to ""parcel"" and then ""paracel""",,
206,east-n-southeast-asia/tt,Democratic Republic of Timor-Leste,Timor-Leste,Republika Demokratika Timor Lorosa'e (Tetum)/ Republica Democratica de Timor-Leste (Portuguese),Timor Lorosa'e (Tetum)/ Timor-Leste (Portuguese),"timor"" derives from the Indonesian and Malay word ""timur"" meaning ""east""; ""leste"" is the Portuguese word for ""east"", so ""Timor-Leste"" literally means ""Eastern-East""; the local [Tetum] name ""Timor Lorosa'e"" translates as ""East Rising Sun""","East Timor, Portuguese Timor",
207,east-n-southeast-asia/cb,Kingdom of Cambodia,Cambodia,Preahreacheanachakr Kampuchea (phonetic transliteration),Kampuchea,"the English name Cambodia is an anglicization of the French Cambodge, which is the French transliteration of the native name Kampuchea","Khmer Republic, Democratic Kampuchea, People's Republic of Kampuchea, State of Cambodia",
208,east-n-southeast-asia/vm,Socialist Republic of Vietnam,Vietnam,Cong Hoa Xa Hoi Chu Nghia Viet Nam,Viet Nam,"""Viet nam"" translates as ""Viet south,"" where ""Viet"" is an ethnic self identification dating to a second century B.C. kingdom and ""nam"" refers to its location in relation to other Viet kingdoms","Democratic Republic of Vietnam (North Vietnam), Republic of Vietnam (South Vietnam)",SRV
209,east-n-southeast-asia/pp,Independent State of Papua New Guinea,Papua New Guinea,,Papuaniugini,"the word ""papua"" derives from the Malay ""papuah"" describing the frizzy hair of the Melanesians; Spanish explorer Ynigo ORTIZ de RETEZ applied the term ""Nueva Guinea"" to the island of New Guinea in 1545 after noting the resemblance of the locals to the peoples of the Guinea coast of Africa","German New Guinea, British New Guinea, Territory of Papua and New Guinea",PNG
210,east-n-southeast-asia/sn,Republic of Singapore,Singapore,Republic of Singapore,Singapore,"name derives from the Sanskrit words ""simha"" (lion) and ""pura"" (city) to describe the city-state's leonine symbol",,
211,east-n-southeast-asia/rp,Republic of the Philippines,Philippines,Republika ng Pilipinas,Pilipinas,"named in honor of King PHILLIP II of Spain by Spanish explorer Ruy LOPEZ de VILLALOBOS, who visited some of the islands in 1543",,
212,east-n-southeast-asia/kn,Democratic People's Republic of Korea,North Korea,Choson-minjujuui-inmin-konghwaguk,Choson,"derived from the Chinese name for Goryeo, which was the Korean dynasty that united the peninsula in the 10th century A.D.; the North Korean name ""Choson"" means ""[Land of the] Morning Calm""",,DPRK
213,east-n-southeast-asia/id,Republic of Indonesia,Indonesia,Republik Indonesia,Indonesia,"the name is an 18th-century construct of two Greek words, ""Indos"" (India) and ""nesoi"" (islands), meaning ""Indian islands""","Netherlands East Indies (Dutch East Indies), Netherlands New Guinea",
214,east-n-southeast-asia/ch,People's Republic of China,China,Zhonghua Renmin Gongheguo,Zhongguo,"English name derives from the Qin (Chin) rulers of the 3rd century B.C., who comprised the first imperial dynasty of ancient China; the Chinese name Zhongguo translates as ""Central Nation"" or ""Middle Kingdom""",,PRC
215,east-n-southeast-asia/pg,none,Spratly Islands,,,"named after a British whaling captain Richard SPRATLY, who sighted Spratly Island in 1843; the name of the island eventually passed to the entire archipelago",,
216,east-n-southeast-asia/ks,Republic of Korea,South Korea,Taehan-min'guk,Han'guk,"derived from the Chinese name for Goryeo, which was the Korean dynasty that united the peninsula in the 10th century A.D.; the South Korean name ""Han'guk"" derives from the long form, ""Taehan-min'guk,"" which is itself a derivation from ""Daehan-je'guk,"" which means ""the Great Empire of the Han""; ""Han"" refers to the ""Sam'han"" or the ""Three Han Kingdoms"" (Goguryeo, Baekje, and Silla from the Three Kingdoms Era, 1st-7th centuries A.D.)",,ROK
217,east-n-southeast-asia/ja,none,Japan,Nihon-koku/Nippon-koku,Nihon/Nippon,"the English word for Japan comes via the Chinese name for the country ""Cipangu""; both Nihon and Nippon mean ""where the sun originates"" and are frequently translated as ""Land of the Rising Sun""",,
218,east-n-southeast-asia/my,none,Malaysia,none,Malaysia,"the name means ""Land of the Malays""","British Malaya, Malayan Union, Federation of Malaya",
219,east-n-southeast-asia/bm,Union of Burma,Burma,Pyidaungzu Thammada Myanma Naingngandaw (translated as the Republic of the Union of Myanmar),Myanma Naingngandaw,"both ""Burma"" and ""Myanmar"" derive from the name of the majority Burman (Bamar) ethnic group","Socialist Republic of the Union of Burma, Union of Myanmar",
220,east-n-southeast-asia/la,Lao People's Democratic Republic,Laos,Sathalanalat Paxathipatai Paxaxon Lao,Mueang Lao (unofficial),"name means ""Land of the Lao [people]""",,
221,east-n-southeast-asia/hk,Hong Kong Special Administrative Region,Hong Kong,Heung Kong Takpit Hangching Ku (Eitel/Dyer-Ball),Heung Kong (Eitel/Dyer-Ball),"probably an imprecise phonetic rendering of the Cantonese name meaning ""fragrant harbor""",,HK
222,east-n-southeast-asia/tw,none,Taiwan,none,Taiwan,"""Tayowan"" was the name of the coastal sandbank where the Dutch erected their colonial headquarters on the island in the 17th century; the former name ""Formosa"" means ""beautiful"" in Portuguese",Formosa,
223,east-n-southeast-asia/mc,Macau Special Administrative Region,Macau,,,"name is thought to derive from the A-Ma Temple - built in 1488 and dedicated to Mazu, the goddess of seafarers and fishermen - which is referred to locally as ""Maa Gok"" - and in Portuguese became ""Macau""; the Chinese name Aomen means ""inlet gates""",,
224,central-america-n-caribbean/dr,Dominican Republic,The Dominican,Republica Dominicana,La Dominicana,the country name derives from the capital city of Santo Domingo (Saint Dominic),Santo Domingo (the capital city's name formerly applied to the entire country),
225,central-america-n-caribbean/ho,Republic of Honduras,Honduras,Republica de Honduras,Honduras,"the name means ""depths"" in Spanish and refers to the deep anchorage in the northern Bay of Trujillo",,
226,central-america-n-caribbean/tb,Overseas Collectivity of Saint Barthelemy,Saint Barthelemy,Collectivite d'outre mer de Saint-Barthelemy,Saint-Barthelemy,explorer Christopher COLUMBUS named the island in honor of his brother Bartolomeo's namesake saint in 1493,,Saint-Barth (French)/ St. Barts or St. Barths (English)
227,central-america-n-caribbean/sc,Federation of Saint Kitts and Nevis,Saint Kitts and Nevis,,,"Saint Kitts was, and still is, referred to as Saint Christopher and this name was well established by the 17th century (although who first applied the name is unclear); in the 17th century a common nickname for Christopher was Kit or Kitt, so the island began to be referred to as ""Saint Kitt's Island"" or just ""Saint Kitts""; Nevis is derived from the original Spanish name ""Nuestra Senora de las Nieves"" (Our Lady of the Snows) and refers to the white halo of clouds that generally wreathes Nevis Peak",Federation of Saint Christopher and Nevis,
228,central-america-n-caribbean/es,Republic of El Salvador,El Salvador,Republica de El Salvador,El Salvador,"name is an abbreviation of the original Spanish conquistador designation for the area ""Provincia de Nuestro Senor Jesus Cristo, el Salvador del Mundo"" (Province of Our Lord Jesus Christ, the Saviour of the World), which became simply ""El Salvador"" (The Savior)",,
229,central-america-n-caribbean/vc,none,Saint Vincent and the Grenadines,,,Saint Vincent was named by explorer Christopher COLUMBUS after Saint VINCENT of Saragossa because the 22 January 1498 day of discovery was the saint's feast day,,
230,central-america-n-caribbean/ac,none,Antigua and Barbuda,,,"""antiguo"" is Spanish for ""ancient"" or ""old""; the island was discovered by Christopher COLUMBUS in 1493 and, according to tradition, named by him after the church of Santa Maria la Antigua (Old Saint Mary's) in Seville; ""barbuda"" is Spanish for ""bearded"" and the adjective may refer to the alleged beards of the indigenous people or to the island's bearded fig trees",,
231,central-america-n-caribbean/cj,none,Cayman Islands,,,"the islands' name comes from the native Carib word ""caiman,"" describing the marine crocodiles living there",,
232,central-america-n-caribbean/tk,none,Turks and Caicos Islands,,,"the Turks Islands are named after the Turk's cap cactus (native to the islands and appearing on the flag and coat of arms), while the Caicos Islands derive from the native term ""caya hico"" meaning ""string of islands""",,TCI
233,central-america-n-caribbean/aa,Country of Aruba,Aruba,Land Aruba (Dutch); Pais Aruba (Papiamento),Aruba,"the origin of the island's name is unclear; according to tradition, the name comes from the Spanish phrase ""oro huba"" (there was gold), but in fact no gold was ever found on the island; another possibility is the native word ""oruba,"" which means ""well-situated""",,
234,central-america-n-caribbean/jm,none,Jamaica,,,"from the native Taino word ""haymaca"" meaning ""Land of Wood and Water"" or possibly ""Land of Springs""",,
235,central-america-n-caribbean/td,Republic of Trinidad and Tobago,Trinidad and Tobago,,,"explorer Christopher COLUMBUS named the larger island ""La Isla de la Trinidad"" (The Island of the Trinity) on 31 July 1498 on his third voyage; the tobacco grown and smoked by the natives of the smaller island or its elongated cigar shape may account for the ""tobago"" name, which is spelled ""tobaco"" in Spanish",,
236,central-america-n-caribbean/vq,none,Virgin Islands,,,"the myriad islets, cays, and rocks surrounding the major islands reminded Christopher COLUMBUS in 1493 of Saint Ursula and her 11,000 virgin followers (Santa Ursula y las Once Mil Virgenes), which over time shortened to the Virgins (las Virgenes)",Danish West Indies,VI
237,central-america-n-caribbean/rq,Commonwealth of Puerto Rico,Puerto Rico,,,"Christopher COLUMBUS named the island San Juan Bautista (Saint John the Baptist) and the capital city and main port Cuidad de Puerto Rico (Rich Port City); over time, however, the names were shortened and transposed and the island came to be called Puerto Rico and its capital San Juan",,PR
238,central-america-n-caribbean/st,none,Saint Lucia,,,"named after Saint LUCY of Syracuse by French sailors who were shipwrecked on the island on 13 December 1502, the saint's feast day; Saint Lucia is the only country named specifically after a woman",,
239,central-america-n-caribbean/do,Commonwealth of Dominica,Dominica,,,"the island was named by explorer Christopher COLUMBUS for the day of the week on which he spotted it, Sunday (""Domingo"" in Latin), 3 November 1493",,
240,central-america-n-caribbean/cs,Republic of Costa Rica,Costa Rica,Republica de Costa Rica,Costa Rica,"the name means ""rich coast"" in Spanish and was first applied in the early colonial period of the 16th century",,
241,central-america-n-caribbean/nn,Country of Sint Maarten,Sint Maarten,Land Sint Maarten (Dutch)/ Country of Sint Maarten (English),Sint Maarten (Dutch and English),explorer Christopher COLUMBUS named the island after Saint MARTIN of Tours because the 11 November 1493 day of discovery was the saint's feast day,Netherlands Antilles; Curacao and Dependencies,
242,central-america-n-caribbean/av,none,Anguilla,,,"the name Anguilla means ""eel"" in various Romance languages (Spanish, Italian, Portuguese, French) and likely derives from the island's lengthy shape",,
243,central-america-n-caribbean/gj,none,Grenada,,,"derivation of the name remains obscure; some sources attribute the designation to Spanish influence (most likely named for the Spanish city of Granada), with subsequent French and English interpretations resulting in the present-day Grenada; in Spanish ""granada"" means ""pomegranate""",,
244,central-america-n-caribbean/gt,Republic of Guatemala,Guatemala,Republica de Guatemala,Guatemala,"the Spanish conquistadors used many native Americans as allies in their conquest of Guatemala; the site of their first capital (established in 1524), a former Maya settlement, was called ""Quauhtemallan"" by their Nahuatl-speaking Mexican allies, a name that means ""land of trees"" or ""forested land"", but which the Spanish pronounced ""Guatemala""; the Spanish applied that name to a re-founded capital city three years later and eventually it became the name of the country",,
245,central-america-n-caribbean/ha,Republic of Haiti,Haiti,Republique d'Haiti (French)/ Repiblik d Ayiti (Haitian Creole),Haiti (French)/ Ayiti (Haitian Creole),"the native Taino name means ""Land of High Mountains"" and was originally applied to the entire island of Hispaniola",,
246,central-america-n-caribbean/rn,Overseas Collectivity of Saint Martin,Saint Martin,Collectivite d'outre mer de Saint-Martin,Saint-Martin,explorer Christopher COLUMBUS named the island after Saint MARTIN of Tours because the 11 November 1493 day of discovery was the saint's feast day,,
247,central-america-n-caribbean/pm,Republic of Panama,Panama,Republica de Panama,Panama,named after the capital city which was itself named after a former indigenous fishing village,,
248,central-america-n-caribbean/bh,none,Belize,,,"may be named for the Belize River, whose name possibly derives from the Maya word ""belix,"" meaning ""muddy-watered""",British Honduras,
249,central-america-n-caribbean/bq,none,Navassa Island,,,"the flat island was named ""Navaza"" by some of Christopher COLUMBUS' sailors in 1504; the name derives from the Spanish term ""nava"" meaning ""flat land, plain, or field""",,
250,central-america-n-caribbean/cu,Republic of Cuba,Cuba,Republica de Cuba,Cuba,"name derives from the Taino Indian designation for the island ""coabana"" meaning ""great place""",,
251,central-america-n-caribbean/bf,Commonwealth of The Bahamas,The Bahamas,,,"name derives from the Spanish ""baha mar,"" meaning ""shallow sea,"" which describes the shallow waters of the Bahama Banks",,
252,central-america-n-caribbean/nu,Republic of Nicaragua,Nicaragua,Republica de Nicaragua,Nicaragua,"Nicarao was the name of the largest indigenous settlement at the time of Spanish arrival; conquistador Gil GONZALEZ Davila, who explored the area (1622-23), combined the name of the community with the Spanish word ""agua"" (water), referring to the two large lakes in the west of the country (Lake Managua and Lake Nicaragua)",,
253,central-america-n-caribbean/vi,none,British Virgin Islands,,,"the myriad islets, cays, and rocks surrounding the major islands reminded explorer Christopher COLUMBUS in 1493 of Saint Ursula and her 11,000 virgin followers (Santa Ursula y las Once Mil Virgenes), which over time shortened to the Virgins (las Virgenes)",,BVI
254,central-america-n-caribbean/uc,Country of Curacao,Curacao,Land Curacao (Dutch)/ Pais Korsou (Papiamento),Curacao (Dutch)/ Korsou (Papiamento),"the most plausible name derivation is that the island was designated Isla de la Curacion (Spanish meaning ""Island of the Cure"" or ""Island of Healing"") or Ilha da Curacao (Portuguese meaning the same) to reflect the locale's function as a recovery stop for sick crewmen",Netherlands Antilles; Curacao and Dependencies,
255,central-america-n-caribbean/mh,none,Montserrat,,,"island named by explorer Christopher COLUMBUS in 1493 after the Benedictine abbey Santa Maria de Montserrat, near Barcelona, Spain",,
256,central-america-n-caribbean/bb,none,Barbados,,,"the name derives from the Portuguese ""as barbadas,"" which means ""the bearded ones"" and can refer either to the long, hanging roots of the island's bearded fig trees or to the alleged beards of the native Carib inhabitants",,
257,world/xx,,,,,,,
258,antarctica/ay,none,Antarctica,,,"name derived from two Greek words meaning ""opposite to the Arctic"" or ""opposite to the north""",,
259,antarctica/hm,Territory of Heard Island and McDonald Islands,Heard Island and McDonald Islands,,,"named after American Captain John HEARD, who sighted the island on 25 November 1853, and American Captain William McDONALD, who discovered the islands on 4 January 1854",,HIMI
260,antarctica/bv,none,Bouvet Island,,,named after the French naval officer Jean-Baptiste Charles BOUVET who discovered the island in 1739,,
261,antarctica/fs,Territory of the French Southern and Antarctic Lands,French Southern and Antarctic Lands,Territoire des Terres Australes et Antarctiques Francaises,Terres Australes et Antarctiques Francaises,self-descriptive name specifying the territories' affiliation and location in the Southern Hemisphere,,TAAF
